Date,Rate
31-Jan-80,1.1069
29-Feb-80,1.0987
31-Mar-80,1.0831
30-Apr-80,1.1145
31-May-80,1.1426
30-Jun-80,1.1576
31-Jul-80,1.1525
31-Aug-80,1.1656
30-Sep-80,1.169
31-Oct-80,1.1726
30-Nov-80,1.1643
31-Dec-80,1.1807
31-Jan-81,1.1707
28-Feb-81,1.1566
31-Mar-81,1.1684
30-Apr-81,1.1505
31-May-81,1.1385
30-Jun-81,1.148
31-Jul-81,1.1356
31-Aug-81,1.1508
30-Sep-81,1.1414
31-Oct-81,1.135
30-Nov-81,1.1514
31-Dec-81,1.1279
31-Jan-82,1.0994
28-Feb-82,1.074
31-Mar-82,1.0503
30-Apr-82,1.0608
31-May-82,1.0482
30-Jun-82,1.0223
31-Jul-82,0.9958
31-Aug-82,0.9643
30-Sep-82,0.9493
31-Oct-82,0.9367
30-Nov-82,0.9548
31-Dec-82,0.9806
31-Jan-83,0.9718
28-Feb-83,0.9606
31-Mar-83,0.8629
30-Apr-83,0.868
31-May-83,0.882
30-Jun-83,0.8745
31-Jul-83,0.881
31-Aug-83,0.8785
30-Sep-83,0.8965
31-Oct-83,0.916
30-Nov-83,0.9128
31-Dec-83,0.902
31-Jan-84,0.9178
29-Feb-84,0.9429
31-Mar-84,0.935
30-Apr-84,0.9201
31-May-84,0.8992
30-Jun-84,0.8613
31-Jul-84,0.83
31-Aug-84,0.8488
30-Sep-84,0.833
31-Oct-84,0.8487
30-Nov-84,0.8596
31-Dec-84,0.8278
31-Jan-85,0.815
28-Feb-85,0.7138
31-Mar-85,0.7051
30-Apr-85,0.6523
31-May-85,0.658
30-Jun-85,0.6655
31-Jul-85,0.7271
31-Aug-85,0.7034
30-Sep-85,0.7077
31-Oct-85,0.7002
30-Nov-85,0.685
31-Dec-85,0.6809
31-Jan-86,0.7155
28-Feb-86,0.7012
31-Mar-86,0.7119
30-Apr-86,0.7391
31-May-86,0.7166
30-Jun-86,0.6772
31-Jul-86,0.598
31-Aug-86,0.6085
30-Sep-86,0.6274
31-Oct-86,0.642
30-Nov-86,0.6488
31-Dec-86,0.6648
31-Jan-87,0.6608
28-Feb-87,0.6748
31-Mar-87,0.7053
30-Apr-87,0.7048
31-May-87,0.7137
30-Jun-87,0.7203
31-Jul-87,0.6978
31-Aug-87,0.7124
30-Sep-87,0.7194
31-Oct-87,0.6757
30-Nov-87,0.7052
31-Dec-87,0.7225
31-Jan-88,0.7138
29-Feb-88,0.7198
31-Mar-88,0.7388
30-Apr-88,0.7585
31-May-88,0.8051
30-Jun-88,0.794
31-Jul-88,0.8045
31-Aug-88,0.8069
30-Sep-88,0.7829
31-Oct-88,0.8256
30-Nov-88,0.8781
31-Dec-88,0.8555
31-Jan-89,0.889
28-Feb-89,0.7996
31-Mar-89,0.8194
30-Apr-89,0.7928
31-May-89,0.7484
30-Jun-89,0.7553
31-Jul-89,0.7524
31-Aug-89,0.7656
30-Sep-89,0.7764
31-Oct-89,0.7831
30-Nov-89,0.7815
31-Dec-89,0.7927
31-Jan-90,0.7708
28-Feb-90,0.7594
31-Mar-90,0.7542
30-Apr-90,0.7509
31-May-90,0.7691
30-Jun-90,0.789
31-Jul-90,0.7901
31-Aug-90,0.8162
30-Sep-90,0.8265
31-Oct-90,0.7847
30-Nov-90,0.7745
31-Dec-90,0.7733
31-Jan-91,0.7849
28-Feb-91,0.7851
31-Mar-91,0.7752
30-Apr-91,0.7817
31-May-91,0.7609
30-Jun-91,0.7681
31-Jul-91,0.7775
31-Aug-91,0.7848
30-Sep-91,0.7995
31-Oct-91,0.7837
30-Nov-91,0.7848
31-Dec-91,0.7598
31-Jan-92,0.7498
29-Feb-92,0.7546
31-Mar-92,0.7684
30-Apr-92,0.7593
31-May-92,0.7589
30-Jun-92,0.7488
31-Jul-92,0.7442
31-Aug-92,0.7134
30-Sep-92,0.714
31-Oct-92,0.6954
30-Nov-92,0.6823
31-Dec-92,0.688
31-Jan-93,0.6786
28-Feb-93,0.6957
31-Mar-93,0.7058
30-Apr-93,0.7116
31-May-93,0.6769
30-Jun-93,0.6722
31-Jul-93,0.6834
31-Aug-93,0.6708
30-Sep-93,0.6453
31-Oct-93,0.6661
30-Nov-93,0.6586
31-Dec-93,0.6711
31-Jan-94,0.7112
28-Feb-94,0.7178
31-Mar-94,0.7008
30-Apr-94,0.7124
31-May-94,0.7361
30-Jun-94,0.7291
31-Jul-94,0.7393
31-Aug-94,0.7425
30-Sep-94,0.7393
31-Oct-94,0.7422
30-Nov-94,0.7674
31-Dec-94,0.7768
31-Jan-95,0.7583
28-Feb-95,0.7395
31-Mar-95,0.728
30-Apr-95,0.7299
31-May-95,0.7138
30-Jun-95,0.7086
31-Jul-95,0.7389
31-Aug-95,0.7524
30-Sep-95,0.755
31-Oct-95,0.7566
30-Nov-95,0.7469
31-Dec-95,0.745
31-Jan-96,0.7447
29-Feb-96,0.7635
31-Mar-96,0.7793
30-Apr-96,0.7854
31-May-96,0.7983
30-Jun-96,0.789
31-Jul-96,0.7731
31-Aug-96,0.7909
30-Sep-96,0.7924
31-Oct-96,0.7919
30-Nov-96,0.8107
31-Dec-96,0.7965
31-Jan-97,0.762
28-Feb-97,0.7758
31-Mar-97,0.7865
30-Apr-97,0.7811
31-May-97,0.7613
30-Jun-97,0.7455
31-Jul-97,0.7452
31-Aug-97,0.7344
30-Sep-97,0.7198
31-Oct-97,0.7036
30-Nov-97,0.6803
31-Dec-97,0.6527
31-Jan-98,0.6693
28-Feb-98,0.6745
31-Mar-98,0.6634
30-Apr-98,0.6499
31-May-98,0.6236
30-Jun-98,0.6135
31-Jul-98,0.6113
31-Aug-98,0.5691
30-Sep-98,0.5945
31-Oct-98,0.6263
30-Nov-98,0.6323
31-Dec-98,0.6139
31-Jan-99,0.6286
28-Feb-99,0.6225
31-Mar-99,0.6293
30-Apr-99,0.6598
31-May-99,0.6491
30-Jun-99,0.6596
31-Jul-99,0.652
31-Aug-99,0.6379
30-Sep-99,0.6536
31-Oct-99,0.6446
30-Nov-99,0.6376
31-Dec-99,0.6538
31-Jan-00,0.6382
29-Feb-00,0.6143
31-Mar-00,0.6055
30-Apr-00,0.5909
31-May-00,0.5735
30-Jun-00,0.5986
31-Jul-00,0.5822
31-Aug-00,0.5748
30-Sep-00,0.5433
31-Oct-00,0.5148
30-Nov-00,0.5227
31-Dec-00,0.554
31-Jan-01,0.5466
28-Feb-01,0.525
31-Mar-01,0.489
30-Apr-01,0.5088
31-May-01,0.51
30-Jun-01,0.5075
31-Jul-01,0.5041
31-Aug-01,0.5342
30-Sep-01,0.4923
31-Oct-01,0.5053
30-Nov-01,0.52
31-Dec-01,0.5106
31-Jan-02,0.5078
28-Feb-02,0.5164
31-Mar-02,0.5316
30-Apr-02,0.5397
31-May-02,0.5674
30-Jun-02,0.5648
31-Jul-02,0.5478
31-Aug-02,0.5532
30-Sep-02,0.5435
31-Oct-02,0.5534
30-Nov-02,0.5608
31-Dec-02,0.5662
31-Jan-03,0.5884
28-Feb-03,0.6054
31-Mar-03,0.6036
30-Apr-03,0.623
31-May-03,0.6522
30-Jun-03,0.6674
31-Jul-03,0.6529
31-Aug-03,0.64
30-Sep-03,0.6801
31-Oct-03,0.7046
30-Nov-03,0.7206
31-Dec-03,0.75
31-Jan-04,0.7644
29-Feb-04,0.7708
31-Mar-04,0.7589
30-Apr-04,0.722
31-May-04,0.7143
30-Jun-04,0.6889
31-Jul-04,0.6986
31-Aug-04,0.7011
30-Sep-04,0.7147
31-Oct-04,0.7461
30-Nov-04,0.7775
31-Dec-04,0.779
31-Jan-05,0.7744
28-Feb-05,0.7905
31-Mar-05,0.7719
30-Apr-05,0.7811
31-May-05,0.7557
30-Jun-05,0.7637
31-Jul-05,0.7595
31-Aug-05,0.7471
30-Sep-05,0.7615
31-Oct-05,0.7487
30-Nov-05,0.7389
31-Dec-05,0.7337
31-Jan-06,0.751
28-Feb-06,0.7382
31-Mar-06,0.7159
30-Apr-06,0.7542
31-May-06,0.7636
30-Jun-06,0.7433
31-Jul-06,0.7658
31-Aug-06,0.7627
30-Sep-06,0.748
31-Oct-06,0.7692
30-Nov-06,0.785
31-Dec-06,0.7913
31-Jan-07,0.772
28-Feb-07,0.788
31-Mar-07,0.807
30-Apr-07,0.8268
31-May-07,0.8244
30-Jun-07,0.8487
31-Jul-07,0.8572
31-Aug-07,0.8214
30-Sep-07,0.8827
31-Oct-07,0.9216
30-Nov-07,0.8865
31-Dec-07,0.8816
31-Jan-08,0.8884
29-Feb-08,0.9466
31-Mar-08,0.918
30-Apr-08,0.9337
31-May-08,0.9559
30-Jun-08,0.9626
31-Jul-08,0.9434
31-Aug-08,0.8639
30-Sep-08,0.7996
31-Oct-08,0.668
30-Nov-08,0.6572
31-Dec-08,0.6928
31-Jan-09,0.6438
28-Feb-09,0.6454
31-Mar-09,0.6873
30-Apr-09,0.7265
31-May-09,0.7912
30-Jun-09,0.8114
31-Jul-09,0.8281
31-Aug-09,0.8393
30-Sep-09,0.8801
31-Oct-09,0.9161
30-Nov-09,0.9178
31-Dec-09,0.8969